Domain,Status,Attractiveness,Demand,Length,Sectors,Created,Expires,Registrar
tenth.club,available,116,7%,5,Mathematics,,,
flat.club,available,116,24%,4,"Construction,Real Estate",,,
zero.club,resell,112,49%,4,Mathematics,01/07/2017 08:40,01/07/2026 08:40,"Spaceship, Inc."
eight.club,available,102,23%,5,"General,Mathematics",,,
eighth.club,available,100,6%,6,Mathematics,,,
sixth.club,available,100,8%,5,Mathematics,,,
crack.club,available,100,20%,5,Sports,,,
twentieth.club,available,92,3%,9,Mathematics,,,
leash.club,expiring,90,7%,5,"General,Health and Fitness,Retail",11/09/2014 17:08,10/09/2025 23:59,"GoDaddy.com, LLC"
fifteen.club,available,88,13%,7,Mathematics,,,
three.club,available,88,24%,5,Mathematics,,,
sixteen.club,available,88,11%,7,Mathematics,,,
hundred.club,available,88,14%,7,Mathematics,,,
xix.club,available,86,11%,3,Mathematics,,,
seventeen.club,available,84,7%,9,Mathematics,,,
thousand.club,available,84,8%,8,Mathematics,,,
twentytwo.club,available,84,11%,10,Mathematics,,,
fourteen.club,available,84,8%,8,Mathematics,,,
dozen.club,available,82,10%,5,Mathematics,,,
decade.club,available,82,10%,6,Mathematics,,,
fivesome.club,available,82,1%,8,Sports,,,
twenty.club,available,80,12%,6,Mathematics,,,
forty.club,available,80,9%,5,Mathematics,,,
nine.club,available,80,24%,4,"General,Mathematics",,,
seventh.club,available,80,10%,7,Mathematics,,,
twentysix.club,available,78,8%,10,Mathematics,,,
nineteenth.club,expired,76,3%,10,Mathematics,26/07/2022 05:53,26/07/2025 05:53,Squarespace Domains II LLC
fifteenth.club,available,76,2%,9,Mathematics,,,
fourteenth.club,available,76,1%,10,Mathematics,,,
thirteenth.club,available,76,4%,10,Mathematics,,,
eighteen.club,available,76,7%,8,Mathematics,,,
hundredth.club,available,76,1%,9,Mathematics,,,
thousandth.club,available,76,1%,10,Mathematics,,,
single.club,available,74,19%,6,Sports,,,
sixtieth.club,available,72,1%,8,Mathematics,,,
ternary.club,available,72,7%,7,Mathematics,,,
trey.club,available,72,14%,4,Sports,,,
seventieth.club,available,72,1%,10,Mathematics,,,
eightieth.club,available,72,1%,9,Mathematics,,,
ninetieth.club,available,72,1%,9,Mathematics,,,
trinity.club,resell,72,18%,7,Religion,17/11/2020 13:15,17/11/2025 13:15,"GoDaddy.com, LLC"
liv.club,resell,72,27%,3,Mathematics,29/03/2014 15:15,28/03/2026 23:59,Squarespace Domains II LLC
thirtieth.club,available,68,1%,9,Mathematics,,,
ennead.club,available,68,5%,6,Mathematics,,,
ane.club,available,68,12%,3,Mathematics,,,
sevener.club,available,68,1%,7,Mathematics,,,
fortieth.club,available,68,0%,8,Mathematics,,,
fiftieth.club,available,68,0%,8,Mathematics,,,
septenary.club,available,68,1%,9,Mathematics,,,
octonary.club,available,68,1%,8,Mathematics,,,
xvi.club,available,66,5%,3,Mathematics,,,
fifty.club,available,66,12%,5,Mathematics,,,
sextet.club,available,66,1%,6,Entertainment,,,
clv.club,available,66,10%,3,Mathematics,,,
five.club,resell,66,26%,4,Mathematics,05/05/2016 13:39,04/05/2026 23:59,Alibaba Cloud Computing Ltd. d/b/a HiChina (www.net.cn)
xii.club,available,66,10%,3,Mathematics,,,
xxv.club,available,66,6%,3,Mathematics,,,
xiii.club,available,66,9%,4,Mathematics,,,
tenner.club,available,66,5%,6,Finance,,,
century.club,available,66,17%,7,Education,,,
xxvi.club,available,66,3%,4,Mathematics,,,
onec.club,available,66,6%,5,Mathematics,,,
xviii.club,available,66,5%,5,Mathematics,,,
xxii.club,available,66,6%,4,Mathematics,,,
acappella.club,available,66,6%,10,Entertainment,,,
thirty.club,available,66,8%,6,Mathematics,,,
sixteenth.club,available,62,1%,9,Mathematics,,,
eleventh.club,available,62,5%,8,Mathematics,,,
eighteenth.club,available,62,1%,10,Mathematics,,,
quartet.club,resell,62,7%,7,"Arts,Entertainment",11/11/2016 07:08,10/11/2025 23:59,"NameCheap, Inc."
twodozen.club,available,62,1%,9,Mathematics,,,
chiliad.club,available,62,2%,7,Mathematics,,,
fortyfour.club,available,62,6%,10,Mathematics,,,
longdozen.club,available,62,2%,10,Mathematics,,,
sixty.club,available,60,13%,5,Mathematics,,,
cxxxv.club,available,60,2%,5,Mathematics,,,
xcl.club,available,60,5%,3,Mathematics,,,
cxx.club,available,60,10%,3,Mathematics,,,
cxl.club,available,60,7%,3,Mathematics,,,
cxlv.club,available,60,2%,4,Mathematics,,,
clxv.club,available,60,1%,4,Mathematics,,,
thou.club,available,60,7%,4,Mathematics,,,
clx.club,available,60,10%,3,Mathematics,,,
cxxv.club,available,60,1%,4,Mathematics,,,
cxv.club,available,60,4%,3,Mathematics,,,
clxxv.club,available,60,1%,5,Mathematics,,,
cxxx.club,available,60,4%,4,Mathematics,,,
clxx.club,available,60,3%,4,Mathematics,,,
clxxx.club,available,60,1%,5,Mathematics,,,
tertiary.club,available,60,4%,8,Education,,,
fifth.club,available,58,12%,5,Mathematics,,,
seventy.club,available,58,7%,7,Mathematics,,,
fourth.club,available,58,13%,6,Mathematics,,,
tetrad.club,available,58,5%,6,Mathematics,,,
lxxx.club,available,58,2%,4,Mathematics,,,
centesimal.club,available,58,1%,10,Mathematics,,,
sixtyone.club,available,58,3%,9,Mathematics,,,
twelfth.club,available,58,2%,7,Mathematics,,,
eighter.club,available,58,2%,7,Mathematics,,,
sixer.club,available,58,5%,5,Sports,,,
niner.club,available,58,5%,5,Mathematics,,,
heptad.club,available,58,1%,6,Mathematics,,,
pentad.club,available,58,2%,6,Mathematics,,,
fourscore.club,available,58,4%,9,Mathematics,,,
sextuplet.club,available,58,1%,9,Healthcare,,,
fortyone.club,available,56,4%,9,Mathematics,,,
xlvi.club,available,56,3%,4,Mathematics,,,
lvii.club,available,56,1%,4,Mathematics,,,
xxvii.club,available,56,3%,5,Mathematics,,,
thirtyone.club,available,56,5%,10,Mathematics,,,
fiftynine.club,available,56,4%,10,Mathematics,,,
xliii.club,available,56,1%,5,Mathematics,,,
xlviii.club,available,56,1%,6,Mathematics,,,
xxxii.club,available,56,1%,5,Mathematics,,,
xli.club,available,56,5%,3,Mathematics,,,
xxxvi.club,available,56,1%,5,Mathematics,,,
xxxviii.club,available,56,1%,7,Mathematics,,,
fortysix.club,available,56,3%,9,Mathematics,,,
xxiii.club,available,56,5%,5,Mathematics,,,
fiftyfive.club,available,56,7%,10,Mathematics,,,
ilx.club,available,56,5%,3,Mathematics,,,
liii.club,available,56,4%,4,Mathematics,,,
xxviii.club,available,56,1%,6,Mathematics,,,
xxiv.club,available,56,5%,4,Mathematics,,,
xxxiii.club,available,56,2%,6,Mathematics,,,
xxxv.club,available,56,4%,4,Mathematics,,,
halfdozen.club,available,56,1%,10,Mathematics,,,
xxxvii.club,available,56,2%,6,Mathematics,,,
thirtysix.club,available,56,5%,10,Mathematics,,,
thirtytwo.club,available,56,5%,10,Mathematics,,,
xxxiv.club,available,56,1%,5,Mathematics,,,
xxix.club,available,56,4%,4,Mathematics,,,
fiftyfour.club,available,56,3%,10,Mathematics,,,
xliv.club,available,56,2%,4,Mathematics,,,
lviii.club,available,56,1%,5,Mathematics,,,
lii.club,available,56,7%,3,Mathematics,,,
aone.club,available,56,15%,5,Food and Beverage,,,
xlvii.club,available,56,2%,5,Mathematics,,,
deuceace.club,available,54,2%,9,Sports,,,
fortyfive.club,available,54,4%,10,Mathematics,,,
vii.club,available,54,13%,3,Mathematics,,,
quaternion.club,available,54,6%,10,Mathematics,,,
twoscore.club,available,54,2%,8,Mathematics,,,
quaternity.club,available,54,4%,10,Mathematics,,,
threescore.club,available,54,1%,10,Mathematics,,,
quatern.club,available,54,2%,7,Mathematics,,,
viii.club,available,54,6%,4,Mathematics,,,
xcvii.club,available,52,1%,5,Mathematics,,,
lxxiii.club,available,52,1%,6,Mathematics,,,
lxxxvi.club,available,52,1%,6,Mathematics,,,
xcii.club,available,52,2%,4,Mathematics,,,
xcviii.club,available,52,1%,6,Mathematics,,,
lxxxv.club,available,52,1%,5,Mathematics,,,
lxii.club,available,52,1%,4,Mathematics,,,
lxxxii.club,available,52,1%,6,Mathematics,,,
xcv.club,available,52,7%,3,Mathematics,,,
sixtytwo.club,available,52,3%,9,Mathematics,,,
xciv.club,available,52,2%,4,Mathematics,,,
sixtysix.club,available,52,4%,9,Mathematics,,,
lxi.club,available,52,5%,3,Mathematics,,,
xcvi.club,available,52,2%,4,Mathematics,,,
lxvi.club,available,52,3%,4,Mathematics,,,
eightyone.club,available,52,3%,10,Mathematics,,,
lxviii.club,available,52,1%,6,Mathematics,,,
xciii.club,available,52,1%,5,Mathematics,,,
ixc.club,available,52,5%,3,Mathematics,,,
ninetysix.club,available,52,4%,10,Mathematics,,,
lxxv.club,available,52,1%,4,Mathematics,,,
sixtyfour.club,available,52,3%,10,Mathematics,,,
lxxvi.club,available,52,1%,5,Mathematics,,,
lxvii.club,available,52,1%,5,Mathematics,,,
lxxii.club,available,52,1%,5,Mathematics,,,
lxxi.club,available,52,1%,4,Mathematics,,,
lxv.club,available,52,5%,3,Mathematics,,,
lxxxiii.club,available,52,1%,7,Mathematics,,,
lxxxvii.club,available,52,1%,7,Mathematics,,,
sixtyfive.club,available,52,3%,10,Mathematics,,,
lxxxi.club,available,52,1%,5,Mathematics,,,
xci.club,available,52,4%,3,Mathematics,,,
ninetytwo.club,available,52,4%,10,Mathematics,,,
lxxiv.club,available,52,1%,5,Mathematics,,,
ninetyone.club,available,52,5%,10,Mathematics,,,
lxxxiv.club,available,52,1%,6,Mathematics,,,
lxiv.club,available,52,3%,4,Mathematics,,,
lxx.club,available,50,5%,3,Mathematics,,,
ogdoad.club,available,50,1%,6,Mathematics,,,
triplet.club,available,50,8%,7,Science,,,
cinque.club,available,50,7%,6,Mathematics,,,
lxxxviii.club,available,48,1%,8,Mathematics,,,
quaternary.club,available,46,3%,10,Mathematics,,,